ID	price	sku	stock
331028	139.95	LTUR	instock
331284	19.95	TREKMULTI	instock
334178	19.95	LEBPAD	instock
1764	19.95	D1010	instock
2161	29.95	SGP100	instock
2174	19.95	D1012	instock
2188	29.95	DNP	instock
2205	19.95	ST	instock
2210	19.95	SS	instock
2221		PE209	instock
2241	139.95	PE609	instock
2251	139.95	PE409	instock
2254	219.95	PE809	instock
2261	229.95	FM1001	instock
2274	14.95	14	instock
2280	39.95	DBA	instock
2318	14.95	DELDSTRAP	instock
2324	14.95	DRES	instock
2331	29.95	TPU	instock
2338	34.95	SK	instock
2346	39.95	BFB-PU	instock
2349	39.95	BFBPW	instock
2350	29.95	TPP	instock
2351	29.95	TCP	instock
3092	14.95	CLBSTRAP	instock
3146	39.95	BFBPP	instock
3299	14.95	Simple Replacement Strap	instock
3333	19.95	SIMPLE BUCKLE STRAP	instock
3381	24.95	TREK REFLECTIVE STRAP	instock
3438	19.95	CLBPAD	instock
3441	19.95	TREKBUCKLESTRAP	instock
3448	39.95	NULL	instock
3461	39.95	10MMBFB	instock
3465	29.95	CSL	instock
3485		BMR	instock
3492	6.95	MRH	instock
3494	23.95	MHKWR	instock
3496	23.95	MHKWL	instock
3497	14.50	TS	instock
3499	14.50	TB	instock
3502	24.95	CTM&DVD	instock
3505	44.95	HGRT	instock
3516	4.95	CHP	instock
3520	4.95	Torch	instock
3521	24.95	DKNIFE	instock
3524	9.95	SBTB	instock
3530	14.95	NHIH	instock
3558	45	MHKLOOP	instock
3582	59.95	DProFlex-R	instock
3595	9.98	ADPDC	instock
3606	14.98	ADCLBLACK	instock
3611	14.98	ADCL	instock
3616	19.98	ADLLBLACK	instock
3621	7.48	APWB	instock
3628	12.48	APDL	instock
3678	19.95	MANICURE	instock
3685	14.95	Visor	instock
3692	14.95	HPJ	instock
3698	19.95	Cavallo T2	instock
3708	139.95	LBLK	instock
3718	NULL	GIFTCARD	outofstock
3756	14.95	COOLER	instock
3759	5.95	SCRAPER	instock
6844	134.95	BF	instock
6859	59.95	DProFlex-B	instock
6929	19.98	LeashBrown	instock
6934	14.98	ADCLBROWN	instock
6939	19.98	ADLLGREEN	instock
6944	14.98	ADCLGREEN	instock
6949	19.98	ADLLPINK	instock
7189	134.95	TPRO	instock
201847	199.95	SB	instock
201873	114.95	NULL	instock
201898	199.95	SP	instock
201923	84.95	EBLK	instock
201948	114.95	TG	instock
201974	84.95	EBLG	instock
201999	114.95	TP	instock
202025	129.95	CLBG	instock
202041	129.95	CBLU	instock
202057	129.95	CPK	instock
202074	119.95	CBLK	instock
